date,total_trades,unique_traders,total_pnl,avg_pnl_per_trade,median_trade_size_usd,mean_trade_size_usd,total_volume_usd,total_fees,buy_trades,sell_trades,buy_sell_ratio,net_flow_bias,avg_loss_account_day,p10_loss_account_day,classification,value
2023-05-01,3,1,0.0,0.0,156.39,159.0,477.0,0.0,3,0,,1.0,,,Greed,63
2023-12-05,9,1,0.0,0.0,1935.95,5556.203333333334,50005.83,12.501455,7,2,3.5,0.5555555555555556,,,Extreme Greed,75
2023-12-14,11,1,-205.43473700000007,-18.675885181818188,8677.28,10291.213636363636,113203.35,28.300831000000002,5,6,0.8333333333333334,-0.09090909090909091,-205.43473700000007,-205.43473700000007,Greed,72
2023-12-15,2,1,-24.632033999999997,-12.316016999999999,5304.975,5304.975,10609.95,2.652489,2,0,,1.0,-24.632033999999997,-24.632033999999997,Greed,70
2023-12-16,3,1,0.0,0.0,4680.14,5116.256666666667,15348.77,3.8371890000000004,3,0,,1.0,,,Greed,67
2023-12-17,14,1,304.982785,21.78448464285714,5368.02,8305.572857142857,116278.02,29.069499,3,11,0.2727272727272727,-0.5714285714285714,,,Greed,73
2023-12-18,2,1,0.0,0.0,15582.089999999998,15582.089999999998,31164.179999999997,7.791045,2,0,,1.0,,,Greed,65
2023-12-19,15,1,1000.5386120000001,66.70257413333334,4728.67,6106.827333333334,91602.41,22.900596,5,10,0.5,-0.3333333333333333,,,Greed,73
2023-12-20,18,1,162.732282,9.040682333333333,7686.9349999999995,7868.710555555556,141636.79,35.409187,10,8,1.25,0.1111111111111111,,,Greed,74
2023-12-21,49,1,537.211402,10.963498000000001,2182.45,2555.795306122449,125233.97,31.308469,22,27,0.8148148148148148,-0.10204081632653061,,,Greed,70
2023-12-22,10,1,141.832675,14.1832675,6114.275,8887.428,88874.28,22.218566000000003,8,2,4.0,0.6,,,Greed,74
2023-12-23,13,1,146.936704,11.302823384615383,6083.83,6033.711538461538,78438.25,19.609555,5,8,0.625,-0.23076923076923078,,,Greed,70
2023-12-24,39,1,1008.619956,25.862050153846155,4574.53,10332.177948717948,402954.94,100.738715,21,18,1.1666666666666667,0.07692307692307693,,,Greed,71
2023-12-25,3,1,-245.081348,-81.69378266666666,29078.9,19982.836666666666,59948.51,14.987124999999999,2,1,2.0,0.3333333333333333,-245.081348,-245.081348,Greed,73
2023-12-27,28,1,-704.8892269999999,-25.174615249999995,5424.15,6121.823571428571,171411.06,42.852747,15,13,1.1538461538461537,0.07142857142857142,-704.8892269999999,-704.8892269999999,Greed,73
2023-12-28,23,1,-970.730876,-42.20569026086957,3907.89,4352.923913043478,100117.25,25.0293,10,13,0.7692307692307693,-0.13043478260869565,-970.730876,-970.730876,Greed,73
2023-12-29,50,1,508.92214299999995,10.178442859999999,8627.21,11391.1944,569559.72,142.389901,31,19,1.631578947368421,0.24,,,Greed,65
2023-12-30,52,1,354.998648,6.826897076923077,4615.014999999999,13510.58096153846,702550.21,175.637526,20,32,0.625,-0.23076923076923078,,,Greed,68
2024-01-01,18,1,-129.53146,-7.196192222222223,9216.095000000001,14679.973888888888,264239.52999999997,66.059867,10,8,1.25,0.1111111111111111,-129.53146,-129.53146,Greed,65
2024-01-02,17,1,783.979116,46.11641858823529,2439.38,7138.1611764705885,121348.74,30.337176,9,8,1.125,0.058823529411764705,,,Greed,71
2024-01-03,67,1,866.015507,12.925604582089552,2102.78,5888.050149253731,394499.36,98.624811,32,35,0.9142857142857143,-0.04477611940298507,,,Greed,70
2024-01-04,5,1,-67.60364,-13.520728,3335.99,19958.508,99792.54000000001,24.948132,2,3,0.6666666666666666,-0.2,-67.60364,-67.60364,Greed,68
2024-01-05,66,1,164.141565,2.486993409090909,4257.8,25817.31303030303,1703942.66,425.985639,31,35,0.8857142857142857,-0.06060606060606061,,,Greed,72
2024-01-06,22,1,135.58166400000002,6.16280290909091,7353.530000000001,13569.154545454547,298521.4,74.630342,11,11,1.0,0.0,,,Greed,70
2024-01-07,97,1,-835.681235,-8.615270463917525,3003.94,10812.887216494846,1048850.06,262.212464,52,45,1.1555555555555554,0.07216494845360824,-835.681235,-835.681235,Greed,71
2024-01-08,128,1,-269.874439,-2.1083940546875,1850.245,11894.159609375,1522452.43,380.613064,40,88,0.45454545454545453,-0.375,-269.874439,-269.874439,Greed,71
2024-01-09,70,1,-826.349863,-11.804998042857143,5087.139999999999,12429.313857142857,870051.97,204.012928,28,42,0.6666666666666666,-0.2,-826.349863,-826.349863,Extreme Greed,76
2024-01-10,193,1,-1517.091342,-7.860576901554404,1901.0,10660.515440414507,2057479.48,434.044865,92,101,0.9108910891089109,-0.046632124352331605,-1517.091342,-1517.091342,Greed,73
2024-01-11,21,2,-164.08950099999998,-7.813785761904761,5005.45,14538.766666666666,305314.1,75.867171,13,8,1.625,0.23809523809523808,-164.08950099999998,-164.08950099999998,Extreme Greed,76
2024-01-12,7,1,-1925.519024,-275.0741462857143,43745.48,28583.181428571428,200082.27,49.480726999999995,5,2,2.5,0.42857142857142855,-1925.519024,-1925.519024,Greed,71
2024-01-15,14,2,152.85358,10.918112857142857,19.93,3616.8642857142854,50636.1,12.652712,5,9,0.5555555555555556,-0.2857142857142857,,,Neutral,52
2024-01-16,9,2,-2299.171458,-255.4634953333333,6156.75,12936.37,116427.33,17.319309,4,5,0.8,-0.1111111111111111,-3238.8,-3238.8,Greed,64
2024-01-17,53,1,813.2741110000001,15.344794547169812,2721.9,15110.019433962265,800831.03,159.707606,31,22,1.4090909090909092,0.16981132075471697,,,Greed,60
2024-01-18,46,1,68.93319,1.4985476086956522,1999.3,9231.120217391304,424631.52999999997,92.657901,18,28,0.6428571428571429,-0.21739130434782608,,,Greed,63
2024-01-19,48,2,-385.419235,-8.029567395833334,2387.175,8925.603541666665,428428.97,93.051868,31,17,1.8235294117647058,0.2916666666666667,-192.7096175,-346.7141115,Neutral,51
2024-01-20,106,1,-146.57487000000003,-1.3827817924528305,2167.14,10095.193490566038,1070090.51,267.522583,60,46,1.3043478260869565,0.1320754716981132,-146.57487000000003,-146.57487000000003,Neutral,52
2024-01-21,11,1,266.58114600000005,24.234649636363642,1874.99,9375.43090909091,103129.74,25.78243,3,8,0.375,-0.45454545454545453,,,Greed,56
2024-01-22,85,2,1375.640959,16.18401128235294,378.43,3975.0469411764707,337878.99,67.478268,51,34,1.5,0.2,,,Greed,55
2024-01-23,45,1,-369.2447299999998,-8.20543844444444,1998.5,9211.531777777778,414518.93000000005,85.72457,33,12,2.75,0.4666666666666667,-369.2447299999998,-369.2447299999998,Neutral,50
2024-01-24,68,1,-2808.353815,-41.29932080882353,3541.8199999999997,14192.42044117647,965084.59,227.771095,27,41,0.6585365853658537,-0.20588235294117646,-2808.353815,-2808.353815,Neutral,48
2024-01-25,6,1,-3093.6293849999997,-515.6048975,10380.835,11094.355000000001,66566.13,16.641532,0,6,0.0,-1.0,-3093.6293849999997,-3093.6293849999997,Neutral,52
2024-01-26,5,2,90.2,18.04,1609.05,2354.642,11773.21,0.444235,4,1,4.0,0.6,,,Neutral,49
2024-01-28,11,1,-2478.06972,-225.27906545454545,498.51,1646.2754545454545,18109.03,-0.362176,0,11,0.0,-1.0,-2478.06972,-2478.06972,Neutral,54
2024-01-29,74,2,486.562542,6.5751694864864865,1720.085,5597.407837837838,414208.18,103.26260500000001,21,53,0.39622641509433965,-0.43243243243243246,,,Greed,55
2024-01-30,49,1,-173.65419100000003,-3.5439630816326537,2497.98,8183.905714285715,401011.38,100.25281,28,21,1.3333333333333333,0.14285714285714285,-173.65419100000003,-173.65419100000003,Greed,61
2024-01-31,859,1,-799.840817,-0.93113017112922,1055.29,7340.683504074505,6305647.13,1549.411475,470,389,1.2082262210796915,0.09429569266589057,-799.840817,-799.840817,Greed,60
2024-02-01,6,1,0.0,0.0,252.115,334.69666666666666,2008.18,0.5020439999999999,6,0,,1.0,,,Greed,63
2024-02-02,42,1,456.423473,10.867225547619048,3708.865,11292.343571428572,474278.43,91.569636,19,23,0.8260869565217391,-0.09523809523809523,,,Greed,63
2024-02-03,56,1,223.30918699999998,3.9876640535714283,3788.38,10782.5,603820.0,109.662349,18,38,0.47368421052631576,-0.35714285714285715,,,Greed,60
2024-02-04,35,1,47.62389499999999,1.360682714285714,2314.37,5805.358,203187.53,50.52688,19,16,1.1875,0.08571428571428572,,,Greed,60
2024-02-05,72,1,-33.45419400000003,-0.4646415833333337,3621.485,10697.198055555556,770198.26,165.549465,33,39,0.8461538461538461,-0.08333333333333333,-33.45419400000003,-33.45419400000003,Greed,60
2024-02-06,1088,1,-215.615907,-0.19817638511029412,2164.67,7396.280707720588,8047153.41,988.606997,518,570,0.9087719298245615,-0.04779411764705882,-215.615907,-215.615907,Greed,64
2024-02-07,15,1,241.24212,16.082808,337.68,450.582,6758.73,0.339693,7,8,0.875,-0.06666666666666667,,,Greed,62
2024-02-08,10,1,770.756024,77.07560240000001,2084.025,2605.112,26051.12,3.0028870000000003,2,8,0.25,-0.6,,,Greed,66
2024-02-11,34,1,983.443176,28.924799294117648,710.625,6244.465294117647,212311.82,24.955292,23,11,2.090909090909091,0.35294117647058826,,,Greed,71
2024-02-12,16,1,913.8817869999998,57.11761168749999,6349.635,14202.981249999999,227247.69999999998,27.111911,11,5,2.2,0.375,,,Greed,70
2024-02-13,14,1,559.44389,39.960277857142856,105.08500000000001,142.85642857142858,1999.99,-0.039992,0,14,0.0,-1.0,,,Extreme Greed,79
2024-02-14,111,2,3830.599833,34.509908405405405,1036.85,2890.4493693693694,320839.88,22.917474000000002,34,77,0.44155844155844154,-0.38738738738738737,,,Greed,74
2024-02-15,63,2,1840.797677,29.219010746031746,500.09,2939.4926984126987,185188.04,30.706297,52,11,4.7272727272727275,0.6507936507936508,,,Greed,72
2024-02-16,182,2,5491.768834,30.174554032967034,1000.93,3103.826978021978,564896.51,27.22517,115,67,1.7164179104477613,0.26373626373626374,,,Greed,72
2024-02-17,94,2,1929.6418,20.52810425531915,1539.9299999999998,4320.405,406118.07,62.055053,50,44,1.1363636363636365,0.06382978723404255,,,Extreme Greed,76
2024-02-18,97,1,477.6248299999999,4.923967319587628,818.29,1619.0532989690723,157048.17,-3.140925,38,59,0.6440677966101694,-0.21649484536082475,,,Greed,72
2024-02-19,101,2,4317.768563,42.750183792079206,821.13,2835.417821782178,286377.2,14.85262,41,60,0.6833333333333333,-0.18811881188118812,-8.05898,-8.05898,Extreme Greed,75
2024-02-20,39,2,3263.628824,83.68279035897436,746.26,3062.0441025641026,119419.72,3.073675,13,26,0.5,-0.3333333333333333,,,Greed,72
2024-02-21,22,2,1858.7985700000002,84.49084409090909,2684.1549999999997,4911.250909090909,108047.51999999999,2.970629,7,15,0.4666666666666667,-0.36363636363636365,,,Extreme Greed,78
2024-02-22,88,2,3894.1050699999996,44.25119397727272,2121.165,4239.02125,373033.87,25.45258,35,53,0.660377358490566,-0.20454545454545456,,,Greed,74
2024-02-23,143,1,1418.55293,9.91995055944056,311.5,776.966013986014,111106.14,-2.067069,131,12,10.916666666666666,0.8321678321678322,,,Extreme Greed,76
2024-02-25,5,1,-30.7705,-6.1541,814.82,896.0260000000001,4480.13,-0.0896,2,3,0.6666666666666666,-0.2,-30.7705,-30.7705,Greed,74
2024-02-26,39,2,4416.8473,113.25249487179488,769.83,4927.875384615385,192187.14,-0.09772499999999981,27,12,2.25,0.38461538461538464,,,Greed,72
2024-02-27,63,2,888.511733,14.103360841269842,666.0,3323.2111111111108,209362.3,-3.761609,33,30,1.1,0.047619047619047616,,,Extreme Greed,79
2024-02-28,45,1,2503.747235,55.63882744444444,2004.02,3802.380666666667,171107.13,-1.377152,31,14,2.2142857142857144,0.37777777777777777,,,Extreme Greed,82
2024-02-29,116,2,9813.996992,84.60342234482759,1159.15,3410.9200862068965,395666.73,1.3590849999999999,60,56,1.0714285714285714,0.034482758620689655,,,Extreme Greed,80
2024-03-01,137,1,8244.241409,60.176944591240876,1000.87,3452.370072992701,472974.7,-0.546854,37,100,0.37,-0.45985401459854014,,,Extreme Greed,80
2024-03-02,31,2,230.90060000000005,7.448406451612905,269.86,2038.6309677419354,63197.56,-0.4691290000000001,28,3,9.333333333333334,0.8064516129032258,-1443.814567,-1443.814567,Extreme Greed,80
2024-03-03,79,1,8361.086245,105.83653474683545,805.5,4946.1478481012655,390745.68,-2.507103,36,43,0.8372093023255814,-0.08860759493670886,,,Extreme Greed,83
2024-03-04,300,2,27799.775742,92.66591914,902.695,5259.989566666667,1577996.87,-0.559449,161,139,1.158273381294964,0.07333333333333333,,,Extreme Greed,82
2024-03-05,180,1,19791.026041,109.95014467222222,1247.5749999999998,4676.724,841810.32,-4.438459,55,125,0.44,-0.3888888888888889,,,Extreme Greed,90
2024-03-06,82,1,6814.825139,83.10762364634145,1942.915,3990.4636585365856,327218.02,-3.355318,49,33,1.4848484848484849,0.1951219512195122,,,Extreme Greed,75
2024-03-08,67,1,4271.886236,63.7594960597015,482.56,2740.047462686567,183583.18,-3.6716290000000003,19,48,0.3958333333333333,-0.43283582089552236,,,Extreme Greed,81
2024-03-09,117,1,9949.501624,85.03847541880343,943.3,5625.459401709401,658178.75,1.8517640000000002,83,34,2.4411764705882355,0.4188034188034188,,,Extreme Greed,84
2024-03-10,42,1,2482.9272,59.117314285714286,1103.9299999999998,5237.472619047619,219973.85,2.281072,38,4,9.5,0.8095238095238095,,,Extreme Greed,79
2024-03-11,42,1,3588.179495,85.43284511904761,480.955,4202.844047619047,176519.44999999998,8.47289,12,30,0.4,-0.42857142857142855,,,Extreme Greed,82
2024-03-12,8,1,3039.166,379.89575,7729.5,12880.10625,103040.85,4.945953,1,7,0.14285714285714285,-0.75,,,Extreme Greed,81
2024-03-13,7,1,0.0,0.0,279.45,857.2571428571428,6000.799999999999,2.100278,7,0,,1.0,,,Extreme Greed,81
2024-03-14,18,2,3465.865832,192.5481017777778,5191.215,11440.732222222221,205933.18,11.716792,2,16,0.125,-0.7777777777777778,,,Extreme Greed,88
2024-03-15,62,3,6236.513651,100.58892985483871,2194.39,5675.71629032258,351894.41,49.485003,26,36,0.7222222222222222,-0.16129032258064516,,,Extreme Greed,83
2024-03-16,8,2,228.57984,28.57248,4499.3150000000005,4652.9575,37223.66,10.52828,5,3,1.6666666666666667,0.25,,,Extreme Greed,81
2024-03-17,23,3,503.293955,21.882345869565217,2500.46,4326.389130434783,99506.95,33.763329,18,5,3.6,0.5652173913043478,,,Extreme Greed,79
2024-03-18,19,3,1456.9577,76.68198421052631,2129.39,4760.951578947369,90458.08,24.943279999999998,13,6,2.1666666666666665,0.3684210526315789,,,Extreme Greed,77
2024-03-19,24,3,668.797973,27.86658220833333,3513.345,9161.868333333334,219884.84,25.988312,17,7,2.4285714285714284,0.4166666666666667,-174.00152,-174.00152,Extreme Greed,79
2024-03-20,69,2,6423.134599,93.08890723188406,577.73,3126.171739130435,215705.85,39.878838,29,40,0.725,-0.15942028985507245,,,Greed,74
2024-03-21,28,3,2335.5080749999997,83.41100267857142,784.65,4210.556071428572,117895.57,16.394750000000002,26,2,13.0,0.8571428571428571,,,Extreme Greed,78
2024-03-24,19,1,1297.018477,68.26413036842105,2583.98,4873.274210526315,92592.20999999999,8.888837,15,4,3.75,0.5789473684210527,,,Greed,74
2024-03-25,7,1,1302.916428,186.13091828571427,6216.8,8159.4742857142855,57116.32,19.990712,0,7,0.0,-1.0,,,Extreme Greed,75
2024-03-26,118,2,3215.906593,27.253445703389833,500.84,1682.7558474576272,198565.19,28.147402999999997,8,110,0.07272727272727272,-0.864406779661017,,,Extreme Greed,81
2024-03-27,38,2,150.41114,3.9581878947368416,1020.78,2628.020789473684,99864.79,31.717952,19,19,1.0,0.0,-38.78086,-38.78086,Extreme Greed,83
2024-03-28,13,2,227.85100799999998,17.527000615384615,514.96,2717.209230769231,35323.72,9.059229,12,1,12.0,0.8461538461538461,,,Extreme Greed,80
2024-03-29,15,1,883.097404,58.873160266666666,3016.76,5794.291333333333,86914.37,30.420029999999997,9,6,1.5,0.2,,,Extreme Greed,79
2024-03-30,45,1,1100.57514,24.45722533333333,496.19,2246.753777777778,101103.92,9.939454,1,44,0.022727272727272728,-0.9555555555555556,,,Extreme Greed,75
2024-03-31,13,1,912.786145,70.21431884615384,544.17,3070.2276923076925,39912.96,13.969522000000001,0,13,0.0,-1.0,,,Extreme Greed,75
2024-04-01,77,2,2507.963406,32.57095332467532,1041.48,4408.7074025974025,339470.47,83.751362,32,45,0.7111111111111111,-0.16883116883116883,,,Extreme Greed,79
2024-04-02,41,2,883.760812,21.555141756097562,3300.9,5845.475853658536,239664.50999999998,80.13257399999999,10,31,0.3225806451612903,-0.5121951219512195,,,Extreme Greed,79
2024-04-03,4,2,126.7884,31.6971,3443.955,4221.8925,16887.57,1.661201,3,1,3.0,0.5,,,Greed,71
2024-04-04,32,1,0.0,0.0,961.4749999999999,2999.6165625,95987.73,33.595684999999996,0,32,0.0,-1.0,,,Greed,70
2024-04-05,100,3,10706.484306,107.06484306,623.395,5037.918,503791.8,103.430138,17,83,0.20481927710843373,-0.66,,,Extreme Greed,79
2024-04-06,16,1,236.33513399999998,14.770945874999999,2257.3,4263.979375,68223.67,23.878277,0,16,0.0,-1.0,,,Extreme Greed,75
2024-04-07,23,1,0.0,0.0,680.92,2173.397391304348,49988.14,17.495845,0,23,0.0,-1.0,,,Extreme Greed,78
2024-04-08,30,2,1218.4267,40.614223333333335,2618.825,7064.688,211940.64,61.790548,1,29,0.034482758620689655,-0.9333333333333333,,,Extreme Greed,76
2024-04-09,3,1,0.0,0.0,10184.23,19021.280000000002,57063.840000000004,19.972341,0,3,0.0,-1.0,,,Extreme Greed,80
2024-04-10,41,1,5207.443414,127.01081497560976,3999.01,8578.926097560974,351735.97,123.107562,40,1,40.0,0.9512195121951219,,,Extreme Greed,78
2024-04-11,16,1,389.743164,24.35894775,1892.385,4775.06,76400.96,26.740329,14,2,7.0,0.75,,,Extreme Greed,76
2024-04-12,129,3,-592.6458390000001,-4.594153790697676,1030.72,3427.0433333333335,442088.59,97.560875,43,86,0.5,-0.3333333333333333,-2830.444513,-2830.444513,Extreme Greed,79
2024-04-13,89,2,6621.451755,74.3983343258427,1412.88,5465.294943820225,486411.25,118.999176,46,43,1.069767441860465,0.033707865168539325,,,Greed,72
2024-04-14,107,2,-36104.012520000004,-337.4206777570094,965.42,6160.394112149533,659162.17,213.477404,46,61,0.7540983606557377,-0.14018691588785046,-36565.98544,-36565.98544,Greed,72
2024-04-15,41,2,3774.08872,92.05094439024391,1247.71,7100.272926829269,291111.19,40.650603999999994,18,23,0.782608695652174,-0.12195121951219512,,,Greed,74
2024-04-16,47,2,2467.702221,52.504302574468085,625.19,3870.3653191489366,181907.17,18.457685,31,16,1.9375,0.3191489361702128,,,Greed,65
2024-04-17,14,1,2441.4683999999997,174.39059999999998,1132.525,6968.785000000001,97562.99,10.620963,13,1,13.0,0.8571428571428571,,,Greed,67
2024-04-19,35,1,1946.4454620000001,55.61272748571429,5756.8,9635.940571428573,337257.92000000004,118.04025999999999,5,30,0.16666666666666666,-0.7142857142857143,,,Greed,66
2024-04-20,22,2,0.0,0.0,863.6500000000001,2760.601818181818,60733.24,121.289047,20,2,10.0,0.8181818181818182,,,Greed,66
2024-04-22,9,1,0.0,0.0,3419.55,5332.623333333333,47993.61,16.797764,0,9,0.0,-1.0,,,Greed,73
2024-04-23,66,2,1119.536196,16.962669636363636,1119.55,3531.1348484848486,233054.9,71.308476,37,29,1.2758620689655173,0.12121212121212122,,,Greed,71
2024-04-24,20,1,279.185907,13.95929535,7452.825000000001,7063.762,141275.24,49.446315999999996,13,7,1.8571428571428572,0.3,,,Greed,72
2024-04-25,74,2,0.0,0.0,69.68,1624.8785135135136,120241.01,160.159512,74,0,,1.0,,,Greed,72
2024-04-26,3,1,0.0,0.0,659.98,1662.7633333333335,4988.290000000001,1.745898,0,3,0.0,-1.0,,,Greed,70
2024-04-27,27,1,4281.488139,158.57363477777778,2928.15,5713.498888888889,154264.47,53.99255,0,27,0.0,-1.0,,,Greed,67
2024-04-28,58,2,0.0,0.0,266.27,758.3724137931034,43985.6,15.394946,0,58,0.0,-1.0,,,Greed,65
2024-04-29,45,2,526.9338359999999,11.709640799999999,339.56,2415.5335555555553,108699.01,38.04463,24,21,1.1428571428571428,0.06666666666666667,,,Greed,67
2024-04-30,24,1,0.0,0.0,2000.635,5209.114583333333,125018.75,43.75655,24,0,,1.0,,,Greed,67
2024-05-01,14,1,0.0,0.0,4871.745,6216.103571428571,87025.45,30.458908,14,0,,1.0,,,Neutral,54
2024-05-03,36,3,5306.017045,147.3893623611111,1991.1950000000002,7852.295833333333,282682.64999999997,98.910681,3,33,0.09090909090909091,-0.8333333333333334,-13.844579999999999,-13.844579999999999,Neutral,48
2024-05-04,9,2,0.0,0.0,3993.33,6555.416666666667,58998.75,20.649559,0,9,0.0,-1.0,,,Greed,67
2024-05-05,6,2,0.916,0.15266666666666667,251.54,4011.391666666667,24068.350000000002,8.412778,1,5,0.2,-0.6666666666666666,,,Greed,69
2024-05-06,9,1,968.59038,107.62115333333333,14386.77,22890.714444444442,206016.43,72.105746,8,1,8.0,0.7777777777777778,,,Greed,71
2024-05-07,18,3,883.537693,49.08542738888889,3417.135,6039.865555555556,108717.58,38.039061,6,12,0.5,-0.3333333333333333,,,Greed,68
2024-05-08,13,2,1.56576,0.12044307692307693,1400.0,5074.89,65973.57,23.076826,12,1,12.0,0.8461538461538461,,,Greed,64
2024-05-09,28,2,1147.595856,40.985566285714285,3673.55,7927.361428571428,221966.12,77.688132,9,19,0.47368421052631576,-0.35714285714285715,,,Greed,55
2024-05-10,22,1,2101.741695,95.53371340909092,5012.195,7131.0,156882.0,54.90869,16,6,2.6666666666666665,0.45454545454545453,,,Greed,66
2024-05-11,9,1,251.604742,27.956082444444444,1500.46,7027.661111111111,63248.95,22.137125,0,9,0.0,-1.0,,,Neutral,53
2024-05-12,23,2,0.0,0.0,999.93,2399.111304347826,55179.56,19.312829,17,6,2.8333333333333335,0.4782608695652174,,,Greed,56
2024-05-13,28,2,2136.853859,76.31620925,4028.75,6897.103571428571,193118.9,67.591599,5,23,0.21739130434782608,-0.6428571428571429,,,Greed,57
2024-05-14,23,1,1150.5233050000002,50.02275239130436,3453.24,6341.452173913043,145853.4,51.048685,23,0,,1.0,,,Greed,66
2024-05-15,36,1,948.970582,26.360293944444447,6352.785,6525.626944444444,234922.57,82.222887,11,25,0.44,-0.3888888888888889,,,Greed,64
2024-05-16,27,2,214.5898,7.94777037037037,1799.69,6022.998518518518,162620.96,56.91732,14,13,1.0769230769230769,0.037037037037037035,,,Greed,70
2024-05-18,25,1,3522.3946610000003,140.89578644000002,4024.24,5052.1256,126303.14,44.206092,7,18,0.3888888888888889,-0.44,,,Greed,73
2024-05-19,8,1,0.0,0.0,3121.475,3749.76125,29998.09,10.499327000000001,8,0,,1.0,,,Greed,72
2024-05-20,10,2,-74.818442,-7.4818442,2242.69,3812.475,38124.75,13.343662,7,3,2.3333333333333335,0.4,-74.818442,-74.818442,Greed,70
2024-05-21,125,2,7289.397571999999,58.31518057599999,3269.31,8807.588720000002,1100948.59,385.331944,29,96,0.3020833333333333,-0.536,,,Extreme Greed,76
2024-05-22,6,1,0.0,0.0,6795.495,7499.215,44995.29,15.748349000000001,0,6,0.0,-1.0,,,Extreme Greed,76
2024-05-23,325,3,413.347329,1.2718379353846154,827.6,1236.4633846153845,401850.6,113.43007899999999,189,136,1.3897058823529411,0.16307692307692306,,,Extreme Greed,76
2024-05-24,2,1,821.949278,410.974639,25405.949999999997,25405.949999999997,50811.899999999994,17.784165,0,2,0.0,-1.0,,,Greed,74
2024-05-25,16,2,14.126038999999999,0.8828774374999999,375.375,1874.4456249999998,29991.129999999997,10.246887000000001,7,9,0.7777777777777778,-0.125,,,Extreme Greed,76
2024-05-26,16,2,778.6839,48.66774375,1034.19,3373.541875,53976.67,18.768190999999998,2,14,0.14285714285714285,-0.75,,,Extreme Greed,75
2024-05-27,251,1,1129.35587,4.499425776892431,499.86,602.0546613545816,151115.72,45.832466,93,158,0.5886075949367089,-0.2589641434262948,,,Greed,74
2024-05-29,164,2,277.791953,1.6938533719512194,249.45,513.8339024390243,84268.76,36.876599,67,97,0.6907216494845361,-0.18292682926829268,,,Greed,72
2024-05-30,7,1,20.951433,2.9930618571428576,493.14,405.4414285714286,2838.09,0.993326,5,2,2.5,0.42857142857142855,,,Greed,73
2024-05-31,13,1,25.35812,1.9506246153846154,221.93,279.70307692307694,3636.14,1.272646,4,9,0.4444444444444444,-0.38461538461538464,,,Greed,73
2024-06-01,25,1,91.510419,3.66041676,333.0,513.3848,12834.62,4.492106,9,16,0.5625,-0.28,,,Greed,72
2024-06-02,93,1,192.906947,2.074268247311828,221.94,316.822688172043,29464.51,7.792912,34,59,0.576271186440678,-0.26881720430107525,,,Greed,73
2024-06-03,70,1,562.808208,8.040117257142859,221.95,306.66942857142857,21466.86,5.378086,44,26,1.6923076923076923,0.2571428571428571,,,Greed,73
2024-06-04,53,1,52.211438,0.9851214716981133,340.43,457.42283018867926,24243.41,7.432953,25,28,0.8928571428571429,-0.05660377358490566,,,Greed,73
2024-06-05,54,1,56.055506,1.038064925925926,526.8299999999999,469.4587037037037,25350.77,7.1040600000000005,17,37,0.4594594594594595,-0.37037037037037035,,,Extreme Greed,75
2024-06-06,234,1,274.173187,1.1716802863247862,554.615,587.8536752136753,137557.76,37.079424,102,132,0.7727272727272727,-0.1282051282051282,,,Extreme Greed,78
2024-06-07,440,3,8902.467416,20.23288049090909,468.885,2496.7926363636366,1098588.76,372.962664,181,259,0.6988416988416989,-0.17727272727272728,,,Extreme Greed,77
2024-06-08,29,2,129.13883900000002,4.453063413793104,1887.13,3356.961379310345,97351.88,34.073137,21,8,2.625,0.4482758620689655,,,Greed,72
2024-06-09,17,2,0.0,0.0,148.46,1318.2482352941176,22410.22,7.515775,17,0,,1.0,,,Extreme Greed,75
2024-06-10,53,2,31.266804999999998,0.589939716981132,501.9,879.0175471698113,46587.93,14.696328000000001,22,31,0.7096774193548387,-0.16981132075471697,,,Greed,72
2024-06-11,123,3,4320.631811,35.12708789430894,132.38,3034.7960975609753,373279.92,129.928213,114,9,12.666666666666666,0.8536585365853658,,,Greed,74
2024-06-12,254,2,-21886.531493,-86.16744682283463,553.405,761.4486614173228,193407.96,63.921417,115,139,0.8273381294964028,-0.09448818897637795,-21886.531493,-21886.531493,Greed,72
2024-06-13,79,2,6632.757115,83.95895082278481,18.79,1678.1926582278481,132577.22,33.39975,76,3,25.333333333333332,0.9240506329113924,-1.40304,-1.40304,Greed,70
2024-06-14,31,2,10258.592609,330.9223422258064,1630.15,4511.892258064517,139868.66,38.954076,31,0,,1.0,,,Greed,74
2024-06-15,78,2,3369.958346,43.20459417948718,4533.035,9209.61858974359,718350.25,251.422549,9,69,0.13043478260869565,-0.7692307692307693,,,Greed,74
2024-06-16,11,1,0.0,0.0,1939.94,2294.0981818181817,25235.079999999998,8.832277,0,11,0.0,-1.0,,,Greed,71
2024-06-17,38,2,10599.502375,278.9342730263158,6057.425,9694.213684210526,368380.12,128.93302500000001,32,6,5.333333333333333,0.6842105263157895,,,Greed,71
2024-06-18,25,2,282.57636,11.3030544,5736.93,10532.5916,263314.79,67.160258,21,4,5.25,0.68,,,Greed,74
2024-06-19,61,3,4887.656944,80.12552367213115,706.64,6837.231475409836,417071.12,138.851743,3,58,0.05172413793103448,-0.9016393442622951,,,Greed,64
2024-06-20,39,3,57478.456026,1473.8065647692308,117.63,5333.097435897435,207990.8,13.46905,0,39,0.0,-1.0,,,Greed,60
2024-06-21,80,2,773.5582039999999,9.66947755,44.93,2203.306125,176264.49,61.277099,68,12,5.666666666666667,0.7,,,Greed,63
2024-06-22,24,2,756.876565,31.536523541666668,248.95499999999998,7066.427916666667,169594.27000000002,40.533382,4,20,0.2,-0.6666666666666666,,,Neutral,53
2024-06-23,5,1,0.0,0.0,398.09,358.424,1792.12,0.17921199999999998,0,5,0.0,-1.0,,,Greed,55
2024-06-24,31,2,0.0,0.0,5767.22,13000.090322580645,403002.8,103.551001,25,6,4.166666666666667,0.6129032258064516,,,Neutral,51
2024-06-25,49,1,4869.353105,99.3745531632653,497.56,2104.062857142857,103099.08,36.084651,11,38,0.2894736842105263,-0.5510204081632653,,,Fear,30
2024-06-26,72,2,4197.732182,58.30183586111111,55.879999999999995,5072.092500000001,365190.66000000003,127.5543,41,31,1.3225806451612903,0.1388888888888889,,,Neutral,46
2024-06-27,30,2,0.0,0.0,623.255,4349.565,130486.95,45.556012,12,18,0.6666666666666666,-0.2,,,Fear,40
2024-06-29,75,2,6150.326145,82.0043486,97.64,3734.6014666666665,280095.11,460.295231,35,40,0.875,-0.06666666666666667,,,Fear,30
2024-06-30,14,2,0.0,0.0,15.0,2180.049285714286,30520.69,17.057669,5,9,0.5555555555555556,-0.2857142857142857,,,Neutral,47
2024-07-01,64,2,5065.839308,79.1537391875,423.28999999999996,5666.721093749999,362670.14999999997,425.323025,6,58,0.10344827586206896,-0.8125,,,Neutral,53
2024-07-02,18,1,2421.253116,134.514062,218.55,1852.6372222222224,33347.47,11.458730000000001,13,5,2.6,0.4444444444444444,,,Neutral,51
2024-07-03,18,2,1118.387284,62.132626888888886,2957.515,9977.814444444444,179600.66,62.628682,18,0,,1.0,,,Neutral,50
2024-07-04,25,2,0.0,0.0,8103.87,17222.720400000002,430568.01,113.02464499999999,25,0,,1.0,,,Fear,44
2024-07-05,32,2,0.0,0.0,2858.9700000000003,8509.0590625,272289.89,95.130717,32,0,,1.0,,,Fear,29
2024-07-06,24,1,108.87217799999999,4.53634075,59.86,103.75708333333334,2490.17,344.35416,17,7,2.4285714285714284,0.4166666666666667,,,Fear,26
2024-07-07,10,1,61.428942,6.1428942,39.9,49.875,498.75,0.049875,0,10,0.0,-1.0,,,Fear,29
2024-07-08,1,1,0.0,0.0,497.64,497.64,497.64,0.0156,1,0,,1.0,,,Fear,28
2024-07-09,15,1,648.984412,43.265627466666665,197.8,182.42999999999998,2736.45,0.39756800000000003,0,15,0.0,-1.0,,,Fear,27
2024-07-10,56,2,11977.734907,213.88812333928573,3237.335,12283.93232142857,687900.21,240.76504,10,46,0.21739130434782608,-0.6428571428571429,,,Fear,28
2024-07-11,19,1,1876.812082,98.77958326315789,8977.39,8941.422105263156,169887.02,59.460443,10,9,1.1111111111111112,0.05263157894736842,,,Fear,29
2024-07-12,19,2,1412.314654,74.33235021052631,3124.79,4714.893157894737,89582.97,31.354029,19,0,,1.0,,,Fear,25
2024-07-13,17,2,2913.617837,171.38928452941175,5482.23,8187.599411764706,139189.19,48.71621,0,17,0.0,-1.0,,,Fear,25
2024-07-14,7,1,0.0,0.0,11997.69,12000.16142857143,84001.13,29.400389,0,7,0.0,-1.0,,,Fear,33
2024-07-15,26,2,-1.0,-0.038461538461538464,5378.75,7628.6480769230775,198344.85,68.995769,2,24,0.08333333333333333,-0.8461538461538461,-1.0,-1.0,Neutral,52
2024-07-16,22,1,0.0,0.0,4998.21,6545.480454545454,144000.57,50.400180999999996,0,22,0.0,-1.0,,,Greed,65
2024-07-17,351,3,1859.269477,5.297064037037037,1001.15,1783.4915384615385,626005.53,206.601913,155,196,0.7908163265306123,-0.1168091168091168,,,Greed,69
2024-07-18,60,2,3803.884311,63.398071849999994,3141.84,10828.414166666666,649704.85,227.396664,60,0,,1.0,,,Greed,61
2024-07-19,23,2,2155.891114,93.73439626086956,1999.32,6533.453043478262,150269.42,52.594288,1,22,0.045454545454545456,-0.9130434782608695,,,Greed,60
2024-07-20,266,2,2299.169566,8.643494609022557,498.305,918.65492481203,244362.21,80.758418,41,225,0.18222222222222223,-0.6917293233082706,,,Greed,74
2024-07-21,448,2,-2960.716887,-6.608743051339286,357.95500000000004,523.0077232142856,234307.46,64.72334,239,209,1.1435406698564594,0.06696428571428571,-2960.716887,-2960.716887,Greed,74
2024-07-22,154,2,1517.119876,9.851427766233765,554.74,1975.4142857142856,304213.8,97.459536,103,51,2.019607843137255,0.33766233766233766,-756.173134,-756.173134,Greed,70
2024-07-23,370,3,89890.302206,242.9467627189189,501.085,968.9906486486486,358526.54,59.243126000000004,137,233,0.5879828326180258,-0.2594594594594595,,,Greed,71
2024-07-24,90,5,625.561479,6.9506831,243.29500000000002,768.977,69207.93,55.067279,54,36,1.5,0.2,,,Greed,69
2024-07-25,78,3,916.7382600000001,11.753054615384617,3500.85,6776.350128205129,528555.31,224.185916,77,1,77.0,0.9743589743589743,,,Greed,68
2024-07-26,152,4,2766.513113,18.200744164473683,1000.115,3609.1292763157894,548587.65,206.567015,43,109,0.3944954128440367,-0.4342105263157895,,,Greed,68
2024-07-27,57,2,6400.623656,112.2916430877193,9963.24,15880.697368421053,905199.75,316.819894,9,48,0.1875,-0.6842105263157895,,,Greed,72
2024-07-28,16,2,587.29903,36.706189375,608.6500000000001,2703.4175,43254.68,15.139122,15,1,15.0,0.875,,,Greed,71
2024-07-29,39,2,330.80445399999996,8.482165487179486,2757.15,8389.72153846154,327199.14,114.519684,18,21,0.8571428571428571,-0.07692307692307693,,,Greed,74
2024-07-30,6,1,0.0,0.0,6541.93,6001.078333333334,36006.47,12.602264,6,0,,1.0,,,Greed,67
2024-07-31,43,2,765.690884,17.806764744186047,554.32,1965.2683720930231,84506.54,29.577267000000003,17,26,0.6538461538461539,-0.20930232558139536,,,Greed,61
2024-08-01,57,4,167.080017,2.9312283684210527,1002.35,3996.044385964912,227774.53,108.095036,47,10,4.7,0.6491228070175439,,,Neutral,52
2024-08-02,63,3,782.3681909999999,12.418542714285714,2129.53,6290.799523809524,396320.37,145.520462,42,21,2.0,0.3333333333333333,,,Greed,57
2024-08-03,37,5,464.1897,12.545667567567568,4534.09,7852.239459459459,290532.86,108.653106,36,1,36.0,0.9459459459459459,,,Fear,37
2024-08-04,127,5,-122672.000883,-965.9212667952756,1111.06,9509.795826771655,1207744.07,445.902235,60,67,0.8955223880597015,-0.05511811023622047,-61390.503349000006,-99161.6976922,Fear,34
2024-08-05,80,4,-13013.665169,-162.6708146125,2216.9700000000003,5256.1925,420495.4,202.719158,41,39,1.0512820512820513,0.025,-6587.054434,-8033.3227716,Fear,26
2024-08-06,107,2,267.318048,2.4982995140186914,123.95,574.5642990654205,61478.38,62.621279,76,31,2.4516129032258065,0.4205607476635514,,,Extreme Fear,17
2024-08-07,33,3,188.789255,5.720886515151515,38.98,75.53848484848484,2492.77,3.7522038,12,21,0.5714285714285714,-0.2727272727272727,,,Fear,29
2024-08-08,9,2,-40.712216999999995,-4.5235796666666666,250.0,1811.038888888889,16299.35,6.647995,5,4,1.25,0.1111111111111111,-40.712216999999995,-40.712216999999995,Extreme Fear,20
2024-08-09,144,5,18082.071276,125.56993941666666,498.15999999999997,3494.4781944444444,503204.86,185.25438068,54,90,0.6,-0.25,,,Neutral,48
2024-08-10,88,2,0.0,0.0,119.485,128.8555681818182,11339.29,50.0831879,87,1,87.0,0.9772727272727273,,,Fear,40
2024-08-11,24,2,847.7766200000001,35.32402583333334,200.41000000000003,1842.9254166666667,44230.21,40.931287,16,8,2.0,0.3333333333333333,,,Fear,39
2024-08-12,48,3,858.6705000000001,17.88896875,160.74,1128.4858333333334,54167.32,36.071895,39,9,4.333333333333333,0.625,,,Fear,25
2024-08-13,23,3,212.08102,9.220913913043479,170.86,904.2552173913043,20797.87,17.932876999999998,20,3,6.666666666666667,0.7391304347826086,,,Fear,31
2024-08-14,25,3,2168.9015130000003,86.75606052,160.5,2668.4012,66710.03,46.493106,19,6,3.1666666666666665,0.52,,,Fear,30
2024-08-15,12,1,0.0,0.0,171.12,126.86416666666668,1522.3700000000001,16.50261,12,0,,1.0,,,Fear,29
2024-08-16,35,2,825.230544,23.578015542857145,158.13,4753.795428571429,166382.84,81.187942,32,3,10.666666666666666,0.8285714285714286,,,Fear,27
2024-08-17,30,2,-288.283113,-9.609437100000001,438.21500000000003,1008.2986666666667,30248.96,17.096539,29,1,29.0,0.9333333333333333,-288.283113,-288.283113,Fear,25
2024-08-18,15,2,307.201888,20.480125866666665,1999.57,4186.965333333334,62804.48,21.981557000000002,0,15,0.0,-1.0,,,Fear,31
2024-08-19,8,1,339.69958299999996,42.462447874999995,8851.04,12539.37875,100315.03,35.110258,3,5,0.6,-0.25,,,Fear,28
2024-08-20,12,2,192.602844,16.050237,1980.9850000000001,4159.566666666667,49914.8,17.470174,5,7,0.7142857142857143,-0.16666666666666666,,,Fear,30
2024-08-21,145,2,656.200925,4.525523620689655,602.83,724.0717931034483,104990.41,36.746583,56,89,0.6292134831460674,-0.22758620689655173,,,Fear,26
2024-08-23,10,1,1005.30527,100.53052699999999,3695.2799999999997,6350.956,63509.56,22.228341999999998,0,10,0.0,-1.0,,,Fear,34
2024-08-24,7,2,0.0,0.0,1991.82,4999.952857142857,34999.67,12.249882,0,7,0.0,-1.0,,,Greed,56
2024-08-25,17,2,0.0,0.0,417.61,1291.1929411764704,21950.28,26.303603,8,9,0.8888888888888888,-0.058823529411764705,,,Neutral,54
2024-08-26,6,2,231.236918,38.539486333333336,11999.759999999998,15435.211666666668,92611.27,32.302932,6,0,,1.0,,,Greed,55
2024-08-27,50,2,0.0,0.0,109.7,1405.0032,70250.16,52.053552,49,1,49.0,0.96,,,Neutral,48
2024-08-28,9,2,1333.359645,148.15107166666667,2119.12,7906.674444444444,71160.06999999999,24.906026,9,0,,1.0,,,Fear,30
2024-08-29,1,1,0.0,0.0,9995.85,9995.85,9995.85,3.498547,0,1,0.0,-1.0,,,Fear,29
2024-08-30,6,4,256.464,42.744,3746.8450000000003,6205.54,37233.24,13.031175999999999,4,2,2.0,0.3333333333333333,,,Fear,34
2024-08-31,34,3,10.882801,0.3200823823529412,443.44,3161.983235294118,107507.43000000001,39.955315,11,23,0.4782608695652174,-0.35294117647058826,,,Fear,29
2024-09-01,12,1,137.433093,11.452757750000002,499.67499999999995,1029.9733333333334,12359.68,4.325861,7,5,1.4,0.16666666666666666,,,Fear,26
2024-09-02,2,1,0.0,0.0,15000.21,15000.21,30000.42,10.500148,2,0,,1.0,,,Fear,26
2024-09-04,34,2,1065.785132,31.346621529411763,103.485,3867.0873529411765,131480.97,63.570226999999996,31,3,10.333333333333334,0.8235294117647058,,,Fear,27
2024-09-05,1,1,0.0,0.0,0.84,0.84,0.84,0.0,0,1,0.0,-1.0,,,Fear,29
2024-09-06,42,2,-1104.856765,-26.306113452380952,90.725,929.6928571428571,39047.1,13.666476,4,38,0.10526315789473684,-0.8095238095238095,-1104.856765,-1104.856765,Extreme Fear,22
2024-09-08,1,1,0.0,0.0,0.11,0.11,0.11,0.0,0,1,0.0,-1.0,,,Fear,29
2024-09-09,2,1,0.0,0.0,2007.2150000000001,2007.2150000000001,4014.4300000000003,34.9079,2,0,,1.0,,,Fear,26
2024-09-10,3,2,-219.729659,-73.24321966666666,766.74,849.0933333333334,2547.28,7.2904,1,2,0.5,-0.3333333333333333,-219.729659,-219.729659,Fear,33
2024-09-11,1,1,0.0,0.0,0.54,0.54,0.54,0.0,0,1,0.0,-1.0,,,Fear,37
2024-09-14,11,2,0.0,0.0,62.08,92.25454545454546,1014.8000000000001,30.381330000000002,10,1,10.0,0.8181818181818182,,,Neutral,50
2024-09-18,145,1,-878.684794,-6.059895131034483,105.16,94.02413793103449,13633.5,31.732943,11,134,0.08208955223880597,-0.8482758620689655,-878.684794,-878.684794,Neutral,45
2024-09-19,19,1,0.0,0.0,67.04,80.09842105263158,1521.8700000000001,28.60766,19,0,,1.0,,,Neutral,49
2024-09-20,16,2,9585.03428,599.0646425,6755.5599999999995,20804.58625,332873.38,109.317031,3,13,0.23076923076923078,-0.625,,,Neutral,54
2024-09-21,23,1,36165.56933,1572.416057826087,5230.95,7202.092173913044,165648.12,57.976841,0,23,0.0,-1.0,,,Neutral,54
2024-09-22,3,1,0.0,0.0,5972.27,6666.579999999999,19999.739999999998,6.999907,3,0,,1.0,,,Neutral,52
2024-09-23,2,1,334.760796,167.380398,20167.145,20167.145,40334.29,14.117002000000001,1,1,1.0,0.0,,,Neutral,50
2024-09-24,10,2,0.0,0.0,84.325,711.863,7118.63,12.966142,9,1,9.0,0.8,,,Neutral,54
2024-09-25,9,2,0.0,0.0,2403.46,5861.570000000001,52754.130000000005,17.764677,6,3,2.0,0.3333333333333333,,,Greed,59
2024-09-26,8,2,439.812513,54.976564125,7260.59,14213.991250000001,113711.93000000001,31.348204,0,8,0.0,-1.0,,,Neutral,50
2024-09-27,56,2,0.0,0.0,78.095,2251.732857142857,126097.04,37.503311,0,56,0.0,-1.0,,,Greed,61
2024-09-28,4,1,0.0,0.0,7587.5650000000005,7299.8025,29199.21,2.8031200000000003,0,4,0.0,-1.0,,,Greed,64
2024-09-30,106,2,2710.626288,25.571946113207545,142.32,2025.1872641509435,214669.85,65.637576,10,96,0.10416666666666667,-0.8113207547169812,,,Greed,61
2024-10-01,4,1,0.0,0.0,31787.215,34988.58,139954.32,48.98401,4,0,,1.0,,,Neutral,50
2024-10-02,4,1,0.0,0.0,20954.905000000002,24988.585,99954.34,34.984016999999994,4,0,,1.0,,,Fear,42
2024-10-03,9,2,100.375782,11.152864666666666,4525.05,14770.632222222222,132935.69,46.527491000000005,6,3,2.0,0.3333333333333333,,,Fear,37
2024-10-04,1,1,0.0,0.0,0.34,0.34,0.34,0.0,0,1,0.0,-1.0,,,Fear,41
2024-10-05,37,2,5767.161892,155.86924032432432,11986.49,16367.722702702702,605605.74,211.961771,9,28,0.32142857142857145,-0.5135135135135135,,,Neutral,49
2024-10-06,22,1,130.487079,5.9312308636363635,6351.0599999999995,13642.298181818182,300130.56,105.045693,6,16,0.375,-0.45454545454545453,,,Neutral,50
2024-10-07,21,1,0.0,0.0,3379.1,10475.459523809524,219984.65,76.994616,0,21,0.0,-1.0,,,Neutral,50
2024-10-08,36,2,5396.546638,149.90407327777777,2491.3999999999996,12071.781388888889,434584.13,152.10422,34,2,17.0,0.8888888888888888,,,Neutral,49
2024-10-09,14,1,396.06272,28.290194285714286,17148.715,15742.852142857142,220399.93,77.139967,11,3,3.6666666666666665,0.5714285714285714,,,Neutral,49
2024-10-10,16,1,0.0,0.0,20868.605,18751.521249999998,300024.33999999997,105.00851,16,0,,1.0,,,Fear,39
2024-10-11,26,2,8885.327477,341.74336450000004,16272.82,18804.007307692307,488904.19,171.116194,0,26,0.0,-1.0,,,Fear,32
2024-10-12,10,1,541.55471,54.155471,13531.815,15971.34,159713.4,55.899685,7,3,2.3333333333333335,0.4,,,Neutral,49
2024-10-13,10,1,0.0,0.0,4096.764999999999,6000.242,60002.42,21.000841,10,0,,1.0,,,Neutral,50
2024-10-14,5,1,1913.61958,382.72391600000003,1416.13,12383.204000000002,61916.020000000004,21.670604,0,5,0.0,-1.0,,,Neutral,48
2024-10-15,7,1,1170.2260760000001,167.17515371428573,10002.18,11596.194285714286,81173.36,28.410673,3,4,0.75,-0.14285714285714285,,,Greed,65
2024-10-16,11,1,219.480876,19.95280690909091,6000.79,7293.560909090909,80229.17,28.080204000000002,8,3,2.6666666666666665,0.45454545454545453,,,Greed,73
2024-10-17,9,2,36.11496,4.0127733333333335,9999.79,15614.638888888889,140531.75,49.186107,7,2,3.5,0.5555555555555556,,,Greed,71
2024-10-18,6,1,333.219141,55.536523499999994,12475.59,20055.238333333335,120331.43000000001,42.115998,1,5,0.2,-0.6666666666666666,,,Greed,73
2024-10-19,4,1,0.0,0.0,24998.28,24999.215,99996.86,34.998901000000004,4,0,,1.0,,,Greed,72
2024-10-20,96,2,389.155797,4.05370621875,269.87,1837.9985416666668,176447.86000000002,59.257459,7,89,0.07865168539325842,-0.8541666666666666,,,Greed,73
2024-10-21,173,2,2464.915564,14.248066843930635,618.57,1873.5143930635838,324117.99,109.858043,79,94,0.8404255319148937,-0.08670520231213873,,,Greed,72
2024-10-22,3,1,0.0,0.0,29400.78,20000.12,60000.36,21.000124,3,0,,1.0,,,Greed,70
2024-10-23,18,1,-46.489941,-2.5827745,8004.2699999999995,11667.003888888888,210006.07,73.502111,15,3,5.0,0.6666666666666666,-46.489941,-46.489941,Greed,71
2024-10-25,30,2,13235.862071,441.19540236666666,7970.745,14262.772666666666,427883.18,143.841914,14,16,0.875,-0.06666666666666667,,,Greed,72
2024-10-27,4,1,666.6623079999999,166.66557699999998,17478.605,22666.1025,90664.41,31.73254,0,4,0.0,-1.0,,,Greed,74
2024-10-28,13,2,167.28016200000002,12.867704769230771,7007.53,9345.788461538461,121495.25,42.27334,0,13,0.0,-1.0,,,Greed,72
2024-10-29,53,2,801.170876,15.11643162264151,2378.45,11571.09075471698,613267.8099999999,214.643714,3,50,0.06,-0.8867924528301887,,,Greed,72
2024-10-30,25,1,9.150023,0.36600091999999995,499.83,473.23400000000004,11830.85,3.596988,8,17,0.47058823529411764,-0.36,,,Extreme Greed,77
2024-10-31,48,3,1214.043811,25.292579395833332,10637.44,18670.278333333332,896173.36,312.710928,42,6,7.0,0.75,-2.5534149999999998,-2.5534149999999998,Extreme Greed,77
2024-11-01,23,2,1040.475736,45.238075478260875,2753.9,11347.001304347827,260981.03,90.654875,13,10,1.3,0.13043478260869565,-0.09906000000000104,-0.09906000000000104,Extreme Greed,75
2024-11-02,2,1,0.0,0.0,20000.0,20000.0,40000.0,13.999997,2,0,,1.0,,,Greed,72
2024-11-03,6,2,0.0,0.0,19456.93,21509.27666666667,129055.66,40.404152,6,0,,1.0,,,Greed,74
2024-11-04,36,2,2799.410474,77.76140205555555,7595.200000000001,12550.332499999999,451811.97,158.13418000000001,13,23,0.5652173913043478,-0.2777777777777778,,,Greed,70
2024-11-05,10,1,678.4759280000001,67.8475928,18815.325,20062.723,200627.23,70.219524,5,5,1.0,0.0,,,Greed,70
2024-11-06,15,2,2817.83723,187.85581533333334,6823.5,8260.46,123906.9,43.36741,6,9,0.6666666666666666,-0.2,-3.41119,-3.41119,Greed,70
2024-11-07,113,3,4493.353136,39.764187044247784,143.99,985.2681415929204,111335.3,26.17844238,53,60,0.8833333333333333,-0.061946902654867256,,,Extreme Greed,77
2024-11-08,39,2,-64.41354100000007,-1.6516292564102582,2930.56,6941.036923076923,270700.44,93.87825699999999,23,16,1.4375,0.1794871794871795,-710.786946,-710.786946,Extreme Greed,75
2024-11-09,86,2,102.90894,1.196615581395349,433.685,2248.655930232558,193384.41,66.18450299999999,53,33,1.606060606060606,0.23255813953488372,,,Extreme Greed,75
2024-11-10,173,3,991.114334,5.728984589595376,1110.6,2390.963583815029,413636.7,142.313546,48,125,0.384,-0.44508670520231214,,,Extreme Greed,78
2024-11-11,373,4,6749.630996,18.09552545844504,1721.57,4210.649919571046,1570572.42,396.91055,94,279,0.33691756272401435,-0.4959785522788204,,,Extreme Greed,76
2024-11-12,171,4,3494.399394,20.435084175438597,1761.14,7171.663859649123,1226354.52,427.904853,98,73,1.3424657534246576,0.14619883040935672,,,Extreme Greed,80
2024-11-13,48,5,7846.402274,163.46671404166668,1589.8200000000002,10736.174375,515336.37,179.184068,16,32,0.5,-0.3333333333333333,-17.60528,-17.60528,Extreme Greed,84
2024-11-14,110,2,4563.509225,41.4864475,1272.46,9166.925545454545,1008361.81,335.028802,82,28,2.9285714285714284,0.4909090909090909,,,Extreme Greed,88
2024-11-15,149,4,4140.740438,27.790204281879195,2000.04,9582.942416107382,1427858.42,466.427513,91,58,1.5689655172413792,0.2214765100671141,,,Extreme Greed,80
2024-11-16,157,4,2769.521909,17.640266936305732,259.57,1931.822101910828,303296.07,100.171303,77,80,0.9625,-0.01910828025477707,,,Extreme Greed,86
2024-11-17,209,4,882.975285,4.224762129186603,786.7,5818.122344497608,1215987.57,271.111689,73,136,0.5367647058823529,-0.3014354066985646,,,Extreme Greed,90
2024-11-18,346,7,4470.815187,12.921431176300578,585.87,6024.102832369942,2084339.58,445.104339,125,221,0.5656108597285068,-0.2774566473988439,-8.138354999999999,-8.138354999999999,Extreme Greed,83
2024-11-19,305,5,2958.268991,9.699242593442623,499.52,2059.118524590164,628031.15,201.486933,160,145,1.103448275862069,0.04918032786885246,,,Extreme Greed,90
2024-11-20,550,5,4210.0928969999995,7.654714358181818,1202.125,3635.480218181818,1999514.1199999999,644.057369,244,306,0.7973856209150327,-0.11272727272727273,-562.201958,-758.967358,Extreme Greed,83
2024-11-21,535,5,1692.430891,3.1634222261682243,500.01,1118.3189158878504,598300.62,198.628267,235,300,0.7833333333333333,-0.12149532710280374,-0.15074600000000027,-0.15074600000000027,Extreme Greed,82
2024-11-22,679,6,-18105.345617,-26.664721085419732,499.84,2425.2041531664213,1646713.62,436.439059,327,352,0.9289772727272727,-0.036818851251840944,-10743.954843,-19130.3909686,Extreme Greed,94
2024-11-23,363,4,2901.531638,7.993200104683195,499.99,1422.1644077134986,516245.68,154.621867,150,213,0.704225352112676,-0.17355371900826447,,,Extreme Greed,93
2024-11-24,172,3,945.550386,5.497385965116279,554.8399999999999,3866.001627906977,664952.28,202.583126,103,69,1.4927536231884058,0.19767441860465115,,,Extreme Greed,80
2024-11-25,255,2,5523.740734,21.66172836862745,100.98,3676.1210588235294,937410.87,283.779701,126,129,0.9767441860465116,-0.011764705882352941,,,Extreme Greed,82
2024-11-26,302,4,1094.809359,3.6251965529801327,825.495,3797.6901986754965,1146902.44,311.298478,197,105,1.8761904761904762,0.304635761589404,-508.290641,-508.290641,Extreme Greed,79
2024-11-27,213,2,-2654.495633,-12.462420812206572,427.89,6780.481361502348,1444242.53,439.714536,72,141,0.5106382978723404,-0.323943661971831,-2848.159792,-2848.159792,Extreme Greed,75
2024-11-28,332,5,-127075.39958499999,-382.75722766566264,1175.775,5705.497439759036,1894225.15,315.582009,207,125,1.656,0.2469879518072289,-132271.0,-132271.0,Extreme Greed,77
2024-11-29,393,11,176844.994152,449.98726247328244,248.82,2021.0252162849874,794262.91,192.45173557,148,245,0.6040816326530613,-0.24681933842239187,,,Extreme Greed,78
2024-11-30,373,8,37316.69352,100.04475474530831,310.7,4643.950938337802,1732193.7,552.3753395,103,270,0.3814814814814815,-0.4477211796246649,,,Extreme Greed,84
2024-12-01,416,9,40886.364494,98.28453003365385,296.565,1958.441875,814711.82,245.38375138,144,272,0.5294117647058824,-0.3076923076923077,,,Extreme Greed,81
2024-12-02,270,8,18489.604313,68.48001597407408,149.885,2167.568740740741,585243.56,147.88781359,156,114,1.368421052631579,0.15555555555555556,,,Extreme Greed,80
2024-12-03,374,8,23576.539285,63.03887509358289,499.645,2900.177887700535,1084666.53,330.57309170999997,170,204,0.8333333333333334,-0.09090909090909091,-158.695661,-158.695661,Extreme Greed,76
2024-12-04,319,7,292891.815021,918.1561599404388,272.25,2411.5600313479626,769287.65,172.60641765,96,223,0.4304932735426009,-0.3981191222570533,,,Extreme Greed,78
2024-12-05,456,8,71574.11848800001,156.96078615789474,326.56,2756.0324342105264,1256750.79,352.76572323,192,264,0.7272727272727273,-0.15789473684210525,,,Extreme Greed,84
2024-12-06,403,10,-92624.643895,-229.83782604218362,497.04,8612.950918114144,3471019.22,691.99378587,205,198,1.0353535353535352,0.017369727047146403,-87867.435089,-158062.28706260002,Greed,72
2024-12-07,304,6,85906.279067,282.5864442993421,209.72500000000002,1485.965197368421,451733.42,108.4520379,110,194,0.5670103092783505,-0.27631578947368424,,,Extreme Greed,75
2024-12-08,420,6,15965.933436,38.014127228571425,352.9,2221.2850476190474,932939.72,234.17888346,82,338,0.24260355029585798,-0.6095238095238096,-21.54374,-21.54374,Extreme Greed,79
2024-12-09,539,10,6310.967676,11.708659881261596,149.9,1825.5096103896105,983949.68,174.77343643,455,84,5.416666666666667,0.6883116883116883,,,Extreme Greed,78
2024-12-10,1596,11,39325.770231,24.640206911654136,257.42,1973.94992481203,3150424.08,453.54068535,530,1066,0.4971857410881801,-0.3358395989974937,,,Extreme Greed,78
2024-12-11,1221,12,319051.554217,261.30348420720725,149.98,1796.9683292383293,2194098.33,413.50923006,171,1050,0.16285714285714287,-0.7199017199017199,,,Greed,74
2024-12-12,1932,14,599151.795008,310.1199767122153,210.555,2358.7939285714288,4557189.87,698.96545151,421,1511,0.2786234281932495,-0.5641821946169773,,,Extreme Greed,83
2024-12-13,1173,11,31935.901745,27.22583268968457,553.37,2455.9459846547315,2880824.64,453.22737636,676,497,1.3601609657947686,0.1526001705029838,,,Extreme Greed,76
2024-12-14,1235,12,167801.399244,135.87157833522267,523.75,1918.6735060728743,2369561.78,232.09144503,595,640,0.9296875,-0.03643724696356275,-33.03286,-33.03286,Extreme Greed,83
2024-12-15,1697,15,97525.315279,57.4692488385386,514.25,1522.256812021214,2583269.81,231.33057037999998,1131,566,1.9982332155477032,0.33294048320565706,,,Extreme Greed,80
2024-12-16,1055,13,166774.344133,158.07994704549765,387.12,2597.9231943127966,2740808.97,402.150056,423,632,0.6693037974683544,-0.1981042654028436,,,Extreme Greed,83
2024-12-17,1941,16,219591.305172,113.13307839876352,563.0,2696.3408706852138,5233597.63,746.14038598,851,1090,0.7807339449541284,-0.12313240597630087,,,Extreme Greed,87
2024-12-18,1429,13,13682.994673,9.575223703988803,452.24,2658.423421973408,3798887.07,691.44797021,715,714,1.0014005602240896,0.0006997900629811056,-4627.220257,-4627.220257,Extreme Greed,81
2024-12-19,3339,13,62744.004486000005,18.79125621024259,434.86,2468.316678646301,8241709.39,1056.23317908,1201,2138,0.5617399438727783,-0.2806229410002995,-128.0,-128.0,Extreme Greed,75
2024-12-20,2488,15,254969.660039,102.47976689670418,758.655,3087.3290635048234,7681274.71,1210.83830578,1129,1359,0.8307579102281089,-0.09244372990353698,,,Greed,74
2024-12-21,1681,8,150022.163157,89.24578415050566,655.22,2607.302272456871,4382875.12,680.39159713,596,1085,0.5493087557603686,-0.2908982748364069,,,Greed,73
2024-12-22,774,8,352197.163973,455.03509557235145,999.86,3988.7858139534887,3087320.22,333.05684453,448,326,1.3742331288343559,0.15762273901808785,,,Greed,73
2024-12-23,2347,14,-29430.626577,-12.53967898466127,493.95,2885.333728163613,6771878.26,1200.89694657,1036,1311,0.7902364607170099,-0.11717085641244142,-76194.26162399999,-76194.26162399999,Greed,70
2024-12-24,338,11,14813.780116,43.827751822485205,438.125,5227.917485207101,1767036.11,386.78244023,118,220,0.5363636363636364,-0.30177514792899407,-5527.285214,-5527.285214,Greed,73
2024-12-25,208,6,756.6570469999998,3.637774264423076,273.89,1672.5449519230767,347889.35,66.51878221999999,86,122,0.7049180327868853,-0.17307692307692307,-1059.724367,-1059.724367,Greed,73
2024-12-26,697,7,60228.639722,86.41124780774749,500.26,3163.9062410329984,2205242.65,523.35899848,373,324,1.1512345679012346,0.0703012912482066,,,Extreme Greed,79
2024-12-27,260,7,2672.811035,10.280042442307693,245.10500000000002,1338.126923076923,347913.0,88.5556466,137,123,1.113821138211382,0.05384615384615385,,,Greed,74
2024-12-28,161,7,940.673623,5.842693310559007,142.25,1748.7888819875777,281555.01,48.40849263,57,104,0.5480769230769231,-0.2919254658385093,-0.06076,-0.06076,Greed,72
2024-12-29,201,7,2884.067927,14.348596651741294,274.19,1714.5698507462685,344628.54,72.1173571,69,132,0.5227272727272727,-0.31343283582089554,,,Greed,73
2024-12-30,304,9,9009.738137,29.637296503289473,526.395,3532.453059210526,1073865.73,284.90632048,183,121,1.512396694214876,0.20394736842105263,,,Greed,65
2024-12-31,306,6,5445.01281,17.794159509803922,489.97,2866.551045751634,877164.62,266.51641113,141,165,0.8545454545454545,-0.0784313725490196,,,Greed,64
2025-01-01,96,6,-9528.065345,-99.25068067708334,200.5,2943.5635416666664,282582.1,31.60438221,68,28,2.4285714285714284,0.4166666666666667,-9655.676981,-9655.676981,Greed,66
2025-01-02,361,9,8716.519087,24.145482235457067,249.68,2145.9136842105263,774674.84,176.13969323,107,254,0.421259842519685,-0.407202216066482,,,Greed,70
2025-01-03,508,9,6028.486793,11.867099986220472,221.93,1518.1279330708662,771208.99,210.99783681,169,339,0.49852507374631266,-0.3346456692913386,,,Greed,74
2025-01-04,371,9,2553.537968,6.882851665768194,443.86,4921.912722371967,1826029.6199999999,233.711971,76,295,0.2576271186440678,-0.5902964959568733,,,Greed,73
2025-01-05,239,8,3187.719363,13.337737920502093,110.97,1890.977280334728,451943.57,139.34161097,65,174,0.3735632183908046,-0.4560669456066946,,,Greed,72
2025-01-06,573,7,6064.185393,10.583220581151831,149.94,971.2512914485166,556526.99,174.93108825,148,425,0.34823529411764703,-0.48342059336823734,,,Extreme Greed,76
2025-01-07,637,6,16098.227531,25.271942748822607,319.62,2061.504081632653,1313178.1,303.38645263,562,75,7.493333333333333,0.7645211930926217,,,Extreme Greed,78
2025-01-08,1039,11,130117.090554,125.23300342059672,423.54,3058.0126852743024,3177275.18,696.91291038,745,294,2.5340136054421767,0.4340712223291627,,,Greed,70
2025-01-09,522,7,46975.928902,89.99220096168582,316.33500000000004,1955.427681992337,1020733.25,275.51377943,201,321,0.6261682242990654,-0.22988505747126436,,,Greed,69
2025-01-10,819,7,-10116.875552,-12.352717401709402,500.18,7994.444053724053,6547449.68,2094.17917505,366,453,0.8079470198675497,-0.10622710622710622,-18250.450877,-32633.8036242,Neutral,50
2025-01-11,283,7,2269.080536,8.017952424028268,455.96,5859.006042402827,1658098.71,494.64797735,166,117,1.4188034188034189,0.17314487632508835,-2.454844,-2.454844,Greed,69
2025-01-12,602,7,5742.241803,9.538607646179402,453.17499999999995,3751.59330564784,2258459.17,612.0827527,81,521,0.15547024952015356,-0.7308970099667774,,,Greed,62
2025-01-13,408,11,9655.429352,23.66526801960784,634.915,7197.666691176471,2936648.0100000002,863.10012478,240,168,1.4285714285714286,0.17647058823529413,,,Greed,61
2025-01-14,275,9,16069.512355,58.43459038181818,560.46,3187.5708,876581.97,240.59104948,92,183,0.5027322404371585,-0.33090909090909093,,,Greed,63
2025-01-15,267,11,14819.5883,55.50407602996255,576.51,6747.565131086143,1801599.8900000001,513.60899482,93,174,0.5344827586206896,-0.30337078651685395,-18.998214,-18.998214,Greed,70
2025-01-16,371,9,20807.709328,56.08546988679245,399.26,8220.196657681941,3049692.96,890.56916796,114,257,0.44357976653696496,-0.38544474393531,,,Extreme Greed,75
2025-01-17,238,8,7006.415608,29.43872104201681,404.235,4664.8338655462185,1110230.46,351.41464889,95,143,0.6643356643356644,-0.20168067226890757,,,Extreme Greed,75
2025-01-18,651,12,443.2330819999997,0.6808495883256523,377.96,4165.330076804916,2711629.88,815.9342014599999,353,298,1.1845637583892616,0.08448540706605223,-4677.8258553333335,-9250.400150000001,Extreme Greed,77
2025-01-19,1567,15,87923.799302,56.10963580216975,800.1,6199.8821314613915,9715215.3,2162.35563971,841,726,1.1584022038567494,0.07338864071474155,-4774.071655,-7325.682731,Extreme Greed,77
2025-01-20,1315,15,87277.239173,66.37052408593155,500.3,6302.149817490495,8287327.01,2207.65981966,755,560,1.3482142857142858,0.1482889733840304,-2599.196824,-4460.3370582,Extreme Greed,76
2025-01-21,530,8,11077.839421,20.901583813207548,220.185,2874.961924528302,1523729.82,398.3042653,145,385,0.37662337662337664,-0.4528301886792453,,,Extreme Greed,76
2025-01-22,832,10,20524.408057,24.66875968389423,342.635,2137.5077283653845,1778406.43,471.17013976,297,535,0.5551401869158878,-0.2860576923076923,-179.521683,-179.521683,Extreme Greed,84
2025-01-23,1218,12,101256.24216,83.13320374384236,534.4649999999999,3035.3273070607556,3697028.66,1088.34986968,561,657,0.8538812785388128,-0.07881773399014778,-3056.0091375,-5393.9110435,Extreme Greed,75
2025-01-24,874,11,10602.779738,12.131326931350113,500.20500000000004,1843.7453661327231,1611433.45,338.6436011,358,516,0.6937984496124031,-0.18077803203661327,,,Extreme Greed,75
2025-01-25,506,11,-10348.016255999999,-20.450625011857706,481.03,2449.363043478261,1239377.7,318.93376206,315,191,1.649214659685864,0.2450592885375494,-18956.391598000002,-18956.391598000002,Extreme Greed,75
2025-01-26,451,7,40823.466668,90.51766445232816,879.29,2663.3562305986693,1201173.66,382.25815423,176,275,0.64,-0.21951219512195122,,,Greed,73
2025-01-27,773,15,41331.765392,53.469295461837,499.98,1950.8775032341528,1508028.31,406.25916743,510,263,1.9391634980988592,0.31953428201811124,-220.548198,-220.548198,Greed,71
2025-01-28,498,8,17979.613973,36.103642516064255,499.85,1163.4782530120483,579412.17,124.71028463,157,341,0.4604105571847507,-0.36947791164658633,,,Greed,72
2025-01-29,910,9,23421.01147,25.737375241758244,607.6600000000001,2085.1795714285713,1897513.41,612.52114509,438,472,0.9279661016949152,-0.03736263736263736,,,Greed,72
2025-01-30,1067,11,23097.471385,21.64711470009372,749.7,2825.114498594189,3014397.17,874.65111573,267,800,0.33375,-0.49953139643861294,,,Greed,70
2025-01-31,1016,11,35868.296773,35.303441705708664,622.385,2739.578228346457,2783411.48,670.93805151,323,693,0.4660894660894661,-0.3641732283464567,,,Extreme Greed,76
2025-02-01,634,12,32300.205017,50.946695610410096,589.245,2151.019621451104,1363746.44,285.47738189,352,282,1.24822695035461,0.11041009463722397,,,Greed,68
2025-02-02,1319,13,162854.759623,123.46835452843062,679.1,4291.957763457164,5661092.29,1184.12208921,833,486,1.713991769547325,0.2630780894617134,-843.0796473333334,-1290.0555722,Greed,60
2025-02-03,2380,12,348871.326269,146.58459086932774,885.895,9492.815701680673,22592901.37,2991.56562406,1091,1289,0.8463925523661753,-0.08319327731092437,,,Fear,44
2025-02-04,2512,13,416876.88812,165.9541752070064,640.5999999999999,6241.404964171974,15678409.27,3853.77856394,1143,1369,0.8349159970781592,-0.08996815286624203,,,Greed,72
2025-02-05,1297,11,56706.235562,43.721075992289904,953.58,6741.1191287586735,8743231.51,1335.74961667,689,608,1.1332236842105263,0.06245181187355436,-6194.283149,-6194.283149,Neutral,54
2025-02-06,1703,11,33803.799733,19.84955944392249,502.35,1655.0257604227834,2818508.87,709.13035861,1163,540,2.153703703703704,0.3658250146799765,-12569.6755265,-22113.9351053,Neutral,49
2025-02-07,1524,13,22450.002091,14.730972500656167,503.32000000000005,2270.5141338582675,3460263.54,738.0892383400001,957,567,1.687830687830688,0.2559055118110236,-1145.924392,-1145.924392,Fear,44
2025-02-08,575,10,586.703253,1.0203534834782608,387.72,1460.4086434782607,839734.97,109.97628618,451,124,3.6370967741935485,0.568695652173913,-189.463436,-189.463436,Fear,44
2025-02-09,764,12,150551.829492,197.05736844502616,421.645,3823.19332460733,2920919.7,427.36182496,428,336,1.2738095238095237,0.12041884816753927,,,Neutral,46
2025-02-10,889,14,63908.49465,71.88807047244094,635.37,4077.5685489313837,3624958.44,491.3623421,360,529,0.6805293005671077,-0.19010123734533182,,,Fear,43
2025-02-11,848,12,-6093.784817,-7.186067001179245,674.3499999999999,3298.990766509434,2797544.17,476.43012785,362,486,0.7448559670781894,-0.14622641509433962,-12346.990829,-12346.990829,Neutral,47
2025-02-12,1031,12,19848.635032,19.251828353055284,923.74,4019.3739476236665,4143974.54,1099.15503114,406,625,0.6496,-0.21241513094083414,-22303.603584,-22303.603584,Neutral,46
2025-02-13,1370,11,27829.534238,20.313528640875912,574.13,2335.6585474452554,3199852.21,823.48748402,593,777,0.7631917631917632,-0.1343065693430657,-3556.3882559999997,-3556.3882559999997,Neutral,50
2025-02-14,1655,15,213860.675308,129.22095184773414,551.4,2421.210525679758,4007103.42,961.57771575,532,1123,0.47373107747105964,-0.35709969788519635,-914.3935779999999,-1637.4038884,Neutral,48
2025-02-15,932,12,45042.92701,48.32932082618026,524.185,1837.8250536480687,1712852.95,374.08731802,573,359,1.5961002785515321,0.2296137339055794,,,Neutral,50
2025-02-16,681,10,2369.478425,3.4794103157121876,339.07,1183.8144493392072,806177.64,171.57200528,345,336,1.0267857142857142,0.013215859030837005,,,Neutral,54
2025-02-17,941,9,1818.573295,1.9325964877789585,524.92,2158.3896280552603,2031044.64,253.48675564,623,318,1.9591194968553458,0.3241232731137088,,,Neutral,51
2025-02-18,1676,11,91204.672403,54.418062292959426,749.845,2011.413293556086,3371128.68,609.53940291,1051,625,1.6816,0.2541766109785203,,,Neutral,47
2025-02-19,1361,10,14985.794701,11.010870463629685,539.36,2398.185334313005,3263930.24,688.4874495,864,497,1.738430583501006,0.26965466568699487,,,Fear,44
2025-02-20,2012,11,46008.794102,22.867193887673956,515.5,2300.5016351888667,4628609.29,1232.46402475,788,1224,0.6437908496732027,-0.21669980119284293,,,Neutral,49
2025-02-21,1873,14,119693.49395,63.904695114789114,530.5,2120.747399893219,3972159.88,829.71831377,744,1129,0.6589902568644819,-0.20555258942872398,-350.632694,-350.632694,Greed,55
2025-02-22,686,10,25278.704178,36.849423,922.595,4629.111078717201,3175570.2,880.16463397,360,326,1.1042944785276074,0.04956268221574344,-80.922744,-80.922744,Neutral,49
2025-02-23,520,12,10656.934251,20.494104328846156,499.30999999999995,2194.8283461538463,1141310.74,230.00271917,283,237,1.1940928270042195,0.08846153846153847,,,Neutral,50
2025-02-24,5616,14,38470.176242,6.850102607193732,221.13,1998.5077617521367,11223619.59,2097.96443324,3255,2361,1.3786531130876747,0.15918803418803418,-10373.274402000001,-10373.274402000001,Neutral,49
2025-02-25,6246,18,204762.177034,32.782929400256165,667.15,3108.3868651937237,19414984.36,3186.61506431,4236,2010,2.1074626865671644,0.356388088376561,-15102.564021,-21727.9995978,Fear,25
2025-02-26,1176,13,63229.063129,53.76621014370748,800.895,4206.597049319727,4946958.13,754.17254667,387,789,0.49049429657794674,-0.34183673469387754,-535.996598,-804.1553196,Extreme Fear,21
2025-02-27,890,9,-36525.167517,-41.039514064044944,699.85,2247.0768876404495,1999898.43,512.14597331,406,484,0.8388429752066116,-0.08764044943820225,-24252.479609,-43497.7901298,Extreme Fear,10
2025-02-28,1019,13,225628.108748,221.4211077016683,595.87,4046.7721000981355,4123660.77,878.39826396,530,489,1.0838445807770962,0.040235525024533855,-1748.8266495,-3090.1256083,Extreme Fear,16
2025-03-01,174,5,10596.108968,60.897177977011495,614.6800000000001,1516.230632183908,263824.13,37.06354539,105,69,1.5217391304347827,0.20689655172413793,,,Extreme Fear,20
2025-03-02,532,10,66914.320708,125.77879832330827,1487.225,12144.452518796992,6460848.74,1931.69694201,274,258,1.062015503875969,0.03007518796992481,-2632.65866,-2632.65866,Fear,26
2025-03-03,1482,14,616413.032233,415.9332201302294,998.7149999999999,5563.151403508772,8244590.38,1040.56404242,1069,413,2.5883777239709445,0.4426450742240216,-370.250064,-370.250064,Fear,33
2025-03-04,2402,16,182075.566585,75.80165136761032,806.44,4631.24360949209,11124247.15,2220.33648528,1748,654,2.672782874617737,0.45545378850957535,-4052.0127599999996,-4758.1385936,Extreme Fear,15
2025-03-05,1660,13,269328.365917,162.24600356445782,1554.65,5538.345915662651,9193654.22,2321.32151085,375,1285,0.2918287937743191,-0.5481927710843374,-5843.04,-5843.04,Extreme Fear,20
2025-03-06,760,12,16101.125561,21.18569152763158,1973.605,8901.743368421052,6765324.96,1306.61716326,371,389,0.9537275064267352,-0.02368421052631579,,,Fear,25
2025-03-07,2552,14,150236.061627,58.86993010462382,1361.49,7779.888510971787,19854275.48,4916.50104687,1227,1325,0.9260377358490566,-0.0384012539184953,,,Fear,34
2025-03-08,529,13,24700.773359,46.69333338185255,621.12,1686.3582419659735,892083.51,208.339773,288,241,1.1950207468879668,0.0888468809073724,-1121.6509429999999,-1121.6509429999999,Fear,28
2025-03-09,1422,12,19773.457395,13.905384947257385,1099.52,7327.495070323488,10419697.99,2377.0639268,947,475,1.9936842105263157,0.3319268635724332,,,Fear,27
2025-03-10,2911,14,-10010.027269999999,-3.438690233596702,907.26,5775.263029886637,16811790.68,3488.37247123,1570,1341,1.1707680835197614,0.078667124699416,-10645.5659344,-25628.268399400004,Extreme Fear,20
2025-03-11,3286,16,-76880.729036,-23.3964482763238,580.875,4265.657970176507,14016952.09,2441.08024204,2120,1166,1.8181818181818181,0.2903225806451613,-38845.88328733333,-58347.2161804,Extreme Fear,24
2025-03-12,3968,13,288105.984215,72.60735489289314,828.9200000000001,4692.071358366935,18618139.15,3658.41357197,1647,2321,0.7096079276174063,-0.16985887096774194,-8940.7354455,-14098.244041099999,Fear,34
2025-03-13,962,13,14114.870873,14.672422944906446,597.495,3415.375488565489,3285591.22,809.18670717,468,494,0.9473684210526315,-0.02702702702702703,-1158.3222155,-2083.9661959,Neutral,45
2025-03-14,2210,10,68646.160089,31.061610899999998,499.77,3641.261158371041,8047187.16,1193.48707492,297,1913,0.15525352848928384,-0.7312217194570135,-49.67229100000003,-49.67229100000003,Fear,27
2025-03-15,261,8,78694.624572,301.51197154022987,1028.9,9025.86030651341,2355749.54,574.332888,154,107,1.439252336448598,0.18007662835249041,,,Neutral,46
2025-03-16,530,8,-7910.943544999999,-14.926308575471696,1499.295,19222.49341509434,10187921.51,2442.48300218,304,226,1.345132743362832,0.1471698113207547,-5825.823212666666,-13366.4471954,Fear,30
2025-03-17,920,11,26163.906513,28.439028818478263,500.185,3905.320706521739,3592895.05,807.74000798,483,437,1.105263157894737,0.05,-838.8149940000001,-1484.8453188,Fear,32
2025-03-18,834,13,72322.788824,86.71797221103118,554.63,4856.901043165468,4050655.47,857.936131,341,493,0.691683569979716,-0.18225419664268586,-120.432,-120.432,Fear,34
2025-03-19,1612,12,29374.682341,18.222507655707197,612.385,2852.8620161290323,4598813.57,784.4900710184,563,1049,0.5367016205910391,-0.3014888337468983,-2.8135689999999993,-2.8135689999999993,Fear,32
2025-03-20,771,13,10246.859436,13.290349463035021,524.94,2143.0063942931256,1652257.93,329.235446,238,533,0.44652908067542213,-0.38261997405966275,-415.027322,-628.8177300000001,Neutral,49
2025-03-21,698,9,6951.270374,9.958840077363897,500.145,3644.560730659026,2543903.39,633.46068283,346,352,0.9829545454545454,-0.008595988538681949,,,Fear,31
2025-03-22,535,8,12498.535254,23.361748138317758,548.86,1816.4662056074767,971809.42,268.83480197,222,313,0.7092651757188498,-0.17009345794392525,-612.7276690000001,-1069.7824602,Fear,32
2025-03-23,447,10,14047.421585,31.425999071588368,504.08,5802.057427293064,2593519.67,597.21601403,290,157,1.8471337579617835,0.2975391498881432,,,Fear,30
2025-03-24,1027,13,107878.961301,105.04280555111977,505.85,2938.254186952288,3017587.05,531.10535137,213,814,0.2616707616707617,-0.5851996105160662,-542.7888405,-803.8745505,Neutral,45
2025-03-25,791,13,32030.90678,40.49419314791403,500.0,6792.060391908975,5372519.77,1401.35398577,422,369,1.1436314363143631,0.06700379266750948,-2079.570883,-3074.3867222,Neutral,46
2025-03-26,3102,17,15802.167427,5.094186791424887,624.4449999999999,2449.30830754352,7597754.37,1796.80351609,1574,1528,1.030104712041885,0.014829142488716958,-3418.3499685,-5533.7980809,Neutral,47
2025-03-27,785,11,58825.359221,74.9367633388535,660.7,4127.744535031847,3240279.46,714.0241193,474,311,1.5241157556270097,0.20764331210191084,-133.035992,-133.035992,Fear,40
2025-03-28,728,11,21337.179335,29.30931227335165,500.015,2037.2151236263737,1483092.61,389.28339505,533,195,2.7333333333333334,0.4642857142857143,-21.766132,-21.766132,Fear,44
2025-03-29,1894,10,12098.872931,6.38800049155227,499.89,1936.7221911298839,3668151.83,839.84451462,997,897,1.1114827201783724,0.05279831045406547,-4339.7884225,-4882.7308421,Fear,26
2025-03-30,568,9,15795.11514,27.8083013028169,520.9,5019.146056338028,2850874.96,759.07175327,478,90,5.311111111111111,0.6830985915492958,-743.288757,-743.288757,Fear,32
2025-03-31,495,12,6978.184557,14.097342539393939,482.8,4373.277717171717,2164772.4699999997,482.00163111,214,281,0.7615658362989324,-0.13535353535353536,-8320.5,-8320.5,Fear,34
2025-04-01,192,9,-2202.6622420000003,-11.472199177083334,500.015,3668.9853645833336,704445.1900000001,162.93599482,92,100,0.92,-0.041666666666666664,-4996.089824000001,-8448.731712800001,Fear,34
2025-04-02,1076,11,202212.740938,187.930056633829,601.435,3594.7310408921935,3867930.6,1181.2230379,128,948,0.1350210970464135,-0.7620817843866171,,,Fear,44
2025-04-03,1748,17,-2365.961276,-1.353524757437071,796.26,4960.087614416476,8670233.15,1337.1188527,956,792,1.207070707070707,0.09382151029748284,-4615.482551,-5612.767531,Fear,25
2025-04-04,1272,14,-25515.678949999998,-20.05949602987421,564.405,3015.3661399371067,3835545.73,836.063409361,499,773,0.6455368693402329,-0.21540880503144655,-24133.260854999997,-39829.3414334,Fear,28
2025-04-05,360,10,35907.33771,99.74260475,616.0,3521.011722222222,1267564.22,282.060344,138,222,0.6216216216216216,-0.23333333333333334,-132.88134,-132.88134,Fear,30
2025-04-06,1048,14,47053.449272,44.89832945801527,784.05,3388.59929389313,3551252.06,618.4359126335,678,370,1.8324324324324324,0.29389312977099236,-938.6610555000001,-1308.1734495,Fear,34
2025-04-07,2814,18,34527.370305,12.269854408315563,629.7349999999999,5138.682707889126,14460253.14,2766.5551014029,1415,1399,1.0114367405289493,0.005685856432125089,-15609.339313200002,-30733.3329144,Extreme Fear,23
2025-04-08,943,17,34899.394798,37.00890222481442,944.26,9405.505196182397,8869391.4,2274.97769106,430,513,0.8382066276803118,-0.088016967126193,-3832.681852,-6162.5583016,Extreme Fear,24
2025-04-09,3967,20,43120.444797,10.86978694151752,888.6,7198.589984875221,28556806.47,6111.274358194,1764,2203,0.8007262823422605,-0.11066296949836148,-31586.568005600002,-60945.237813,Extreme Fear,18
2025-04-10,2127,19,158261.822261,74.40612236060178,999.97,13512.90704748472,28741953.29,6868.556500782,1137,990,1.1484848484848484,0.0691114245416079,-478.0910974,-911.5686966000001,Fear,39
2025-04-11,1096,16,126406.479081,115.33437872354014,650.835,10327.853166058394,11319327.07,2174.4390780901,312,784,0.3979591836734694,-0.4306569343065693,-5033.638607000001,-8674.623107800002,Fear,25
2025-04-12,2109,20,410419.694533,194.60393292223802,1229.78,26512.383826458037,55914617.49,11517.596374457,800,1309,0.6111535523300229,-0.2413466097676624,-1818.03905,-3201.12781,Fear,43
2025-04-13,1321,17,48696.021521,36.86299888039364,500.24,10727.596358819075,14171154.79,2568.3362202649,739,582,1.2697594501718212,0.11884935654806965,-1827.4671023333333,-3801.773072,Neutral,45
2025-04-14,890,14,45680.443063,51.32634052022472,792.885,14696.598853932584,13079972.98,2023.157718567,517,373,1.386058981233244,0.16179775280898875,-621.54506,-621.54506,Fear,31
2025-04-15,1131,14,72357.706282,63.976751796640144,1023.6,18348.51303271441,20752168.24,1866.90475939,344,787,0.4371029224904701,-0.3916887709991158,-48.794434,-48.794434,Fear,38
2025-04-16,1608,17,58631.730257,36.46251881654229,1437.245,22700.69396766169,36502715.9,5997.61790529,835,773,1.0802069857697283,0.03855721393034826,-7467.192872,-13364.1585744,Fear,29
2025-04-17,1031,12,5427.919886,5.264713759456837,496.52,2526.238128031038,2604551.51,519.20873692,341,690,0.49420289855072463,-0.3385063045586809,-86.36689733333333,-128.729896,Fear,30
2025-04-18,1894,12,4880.4047439999995,2.576771248152059,553.15,12994.007634635693,24610650.46,4667.32793177,755,1139,0.6628621597892889,-0.20274551214361142,-42923.271911,-42923.271911,Fear,33
2025-04-19,2786,15,71950.577495,25.82576363783202,799.61,11739.577426417804,32706462.71,6480.62633269,999,1787,0.5590374930050364,-0.2828427853553482,,,Fear,32
2025-04-20,1982,12,25060.341936,12.643966668012109,568.16,6118.110015136226,12126094.05,1887.3296081058,1079,903,1.194905869324474,0.08879919273461151,-820.8140533333334,-1605.6876459999999,Fear,37
2025-04-21,1718,14,34369.267906999994,20.005394590803256,1053.6,24507.598859138536,42104054.84,6356.09106388,604,1114,0.5421903052064632,-0.2968568102444703,-3315.81526425,-7392.3997610999995,Fear,39
2025-04-22,2998,15,58652.763578,19.563963835223483,526.82,11258.714222815212,33753625.24,5749.685751,1420,1578,0.899873257287706,-0.052701801200800535,-6499.893308333333,-15286.325690200001,Neutral,47
2025-04-23,6159,19,-419020.225731,-68.03380836678032,554.94,4981.72492125345,30682443.79,7342.08084188,4218,1941,2.1731066460587325,0.36970287384315637,-124305.35902675,-283727.2735988,Greed,72
2025-04-24,2232,15,50704.395965,22.717023281810036,930.085,15720.841684587815,35088918.64,7366.5003199353005,1223,1009,1.2120911793855302,0.09587813620071685,-1772.972985,-3154.5945970000002,Greed,63
2025-04-25,1653,16,20218.859206,12.231614764670297,881.42,16787.32957047792,27749455.78,6299.0932547382,681,972,0.7006172839506173,-0.17604355716878403,-1992.557703,-2518.5115406,Greed,60
2025-04-26,1131,12,-4125.753942,-3.6478814694960215,338.06,10564.215534924844,11948127.77,2652.30675352,604,527,1.146110056925996,0.0680813439434129,-4287.367999,-4576.5704438,Greed,65
2025-04-27,337,9,2702.067468,8.018004356083086,471.96,1446.6993768545994,487537.69,55.9267726562,209,128,1.6328125,0.2403560830860534,-99.444041,-99.444041,Greed,61
2025-04-28,1379,8,36906.813759,26.763461754169686,969.86,18944.83066715011,26124921.49,6007.2514035301,652,727,0.8968363136176066,-0.05438723712835388,-3212.5066425,-5782.4438229,Neutral,54
2025-04-29,2243,7,125749.613427,56.06313572313866,981.95,15198.177289344627,34089511.66,5149.2952871531,1105,1138,0.9710017574692443,-0.014712438698172091,-1793.442795,-1793.442795,Greed,60
2025-04-30,1113,8,14003.797269,12.582028094339623,906.62,11405.10229110512,12693878.85,2950.1837728755,838,275,3.0472727272727274,0.5058400718778078,-1053.418063,-1053.418063,Greed,56
2025-05-01,1230,11,54536.829297000004,44.338885607317074,799.85,8715.642699186992,10720240.52,2652.6136779658,686,544,1.2610294117647058,0.11544715447154472,-56900.984298999996,-102261.0129702,Neutral,53
